Justin Lee,justin_lee,Justin,Lee,justin_lee@gmail.com,930615Fly,I love Large Language Models NLP Artificial Intelligence Conversational AI,"[8, 0, 11, 13]"
Conor Dewey,conor_dewey,Conor,Dewey,conor_dewey@gmail.com,930615Fly,I love Programming Machine Learning Development Startup Career Data Science Artificial Intelligence Python,"[1, 2, 3, 4, 6, 7, 8, 14]"
William Koehrsen,william_koehrsen,William,Koehrsen,william_koehrsen@gmail.com,930615Fly,I love Artificial Intelligence Machine Learning Python Data Science,"[8, 2, 14, 7]"
Gant Laborde,gant_laborde,Gant,Laborde,gant_laborde@gmail.com,930615Fly,I love Artificial Intelligence Machine Learning Python Data Science,"[8, 2, 14, 7]"
Emmanuel Ameisen,emmanuel_ameisen,Emmanuel,Ameisen,emmanuel_ameisen@gmail.com,930615Fly,I love Deep Learning Artificial Intelligence Machine Learning Data Science,"[8, 10, 2, 7]"
Irhum Shafkat,irhum_shafkat,Irhum,Shafkat,irhum_shafkat@gmail.com,930615Fly,I love Machine Learning Algorithms Deep Learning Neural Networks Python,"[2, 9, 10, 12, 14]"
Sam Drozdov,sam_drozdov,Sam,Drozdov,sam_drozdov@gmail.com,930615Fly,I love Programming Machine Learning Python Data Science,"[2, 3, 14, 7]"
Abhishek Parbhakar,abhishek_parbhakar,Abhishek,Parbhakar,abhishek_parbhakar@gmail.com,930615Fly,I love Development Machine Learning Career Artificial Intelligence Algorithms Deep Learning Neural Networks Python,"[1, 2, 6, 8, 9, 10, 12, 14]"
Aman Dalmia,aman_dalmia,Aman,Dalmia,aman_dalmia@gmail.com,930615Fly,I love Development Artificial Intelligence Startup Career,"[8, 1, 4, 6]"
Sophia Arakelyan,sophia_arakelyan,Sophia,Arakelyan,sophia_arakelyan@gmail.com,930615Fly,I love Machine Learning Development Artificial Intelligence Career,"[8, 1, 2, 6]"
Anonymous Author,anonymous_author,Anonymous,Author,anonymous_author@gmail.com,930615Fly,I love Large Language Models Development Machine Learning Programming Computer Vision Career Data Science Artificial Intelligence Algorithms Deep Learning NLP Neural Networks Conversational AI Python,"[0, 1, 2, 3, 5, 6, 7, 8, 9, 10, 11, 12, 13, 14]"
Scott Santens,scott_santens,Scott,Santens,scott_santens@gmail.com,930615Fly,I love Machine Learning Development Artificial Intelligence Career,"[8, 1, 2, 6]"
Adam Geitgey,adam_geitgey,Adam,Geitgey,adam_geitgey@gmail.com,930615Fly,I love Large Language Models Machine Learning Computer Vision Data Science Artificial Intelligence Deep Learning NLP Neural Networks Conversational AI Python,"[0, 2, 5, 7, 8, 10, 11, 12, 13, 14]"
Xiaohan Zeng,xiaohan_zeng,Xiaohan,Zeng,xiaohan_zeng@gmail.com,930615Fly,I love Programming Machine Learning Python Data Science,"[2, 3, 14, 7]"
Gil Fewster,gil_fewster,Gil,Fewster,gil_fewster@gmail.com,930615Fly,I love Machine Learning Development Artificial Intelligence Career,"[8, 1, 2, 6]"
David Venturi,david_venturi,David,Venturi,david_venturi@gmail.com,930615Fly,I love Programming Machine Learning Career Data Science,"[2, 3, 6, 7]"
Michael Jordan,michael_jordan,Michael,Jordan,michael_jordan@gmail.com,930615Fly,I love Machine Learning Development Artificial Intelligence Career,"[8, 1, 2, 6]"
Eran Kampf,eran_kampf,Eran,Kampf,eran_kampf@gmail.com,930615Fly,I love Programming Machine Learning Career Data Science,"[2, 3, 6, 7]"
Oliver Lindberg,oliver_lindberg,Oliver,Lindberg,oliver_lindberg@gmail.com,930615Fly,I love Large Language Models NLP Artificial Intelligence Conversational AI,"[8, 0, 11, 13]"
Wolf Garbe,wolf_garbe,Wolf,Garbe,wolf_garbe@gmail.com,930615Fly,I love Large Language Models NLP Artificial Intelligence Conversational AI,"[8, 0, 11, 13]"
Paul Christiano,paul_christiano,Paul,Christiano,paul_christiano@gmail.com,930615Fly,I love Machine Learning Development Artificial Intelligence Career,"[8, 1, 2, 6]"
Robbie Tilton,robbie_tilton,Robbie,Tilton,robbie_tilton@gmail.com,930615Fly,I love Machine Learning Development Artificial Intelligence Career,"[8, 1, 2, 6]"
James Faghmous ,james_faghmous_,James,Faghmous,james_faghmous_@gmail.com,930615Fly,I love Artificial Intelligence Machine Learning Python Data Science,"[8, 2, 14, 7]"
Akash Shende,akash_shende,Akash,Shende,akash_shende@gmail.com,930615Fly,I love Deep Learning Machine Learning Neural Networks Computer Vision,"[10, 2, 12, 5]"
Hrishikesh Huilgolkar,hrishikesh_huilgolkar,Hrishikesh,Huilgolkar,hrishikesh_huilgolkar@gmail.com,930615Fly,I love Artificial Intelligence Machine Learning Python Data Science,"[8, 2, 14, 7]"
Shivon Zilis,shivon_zilis,Shivon,Zilis,shivon_zilis@gmail.com,930615Fly,I love Machine Learning Development Artificial Intelligence Career,"[8, 1, 2, 6]"
Yingjie Miao ,yingjie_miao_,Yingjie,Miao,yingjie_miao_@gmail.com,930615Fly,I love Deep Learning Artificial Intelligence Machine Learning Data Science,"[8, 10, 2, 7]"
Pinterest Engineering,pinterest_engineering,Pinterest,Engineering,pinterest_engineering@gmail.com,930615Fly,I love Development Machine Learning Computer Vision Data Science Artificial Intelligence Deep Learning NLP Python,"[1, 2, 5, 7, 8, 10, 11, 14]"
Nikhil Dandekar,nikhil_dandekar,Nikhil,Dandekar,nikhil_dandekar@gmail.com,930615Fly,I love Development Artificial Intelligence Startup Career,"[8, 1, 4, 6]"
Jeff Smith,jeff_smith,Jeff,Smith,jeff_smith@gmail.com,930615Fly,I love Artificial Intelligence Machine Learning Python Data Science,"[8, 2, 14, 7]"
Chris Jagers,chris_jagers,Chris,Jagers,chris_jagers@gmail.com,930615Fly,I love Large Language Models NLP Artificial Intelligence Conversational AI,"[8, 0, 11, 13]"
John Wittenauer,john_wittenauer,John,Wittenauer,john_wittenauer@gmail.com,930615Fly,I love Programming Machine Learning Career Data Science,"[2, 3, 6, 7]"
Christopher Nguyen,christopher_nguyen,Christopher,Nguyen,christopher_nguyen@gmail.com,930615Fly,I love Artificial Intelligence Machine Learning Python Data Science,"[8, 2, 14, 7]"
Matt Fogel,matt_fogel,Matt,Fogel,matt_fogel@gmail.com,930615Fly,I love Artificial Intelligence Machine Learning Python Data Science,"[8, 2, 14, 7]"
Illia Polosukhin,illia_polosukhin,Illia,Polosukhin,illia_polosukhin@gmail.com,930615Fly,I love Development Machine Learning Computer Vision Artificial Intelligence Algorithms Deep Learning NLP Neural Networks Python,"[1, 2, 5, 8, 9, 10, 11, 12, 14]"
Christophe Bourguignat,christophe_bourguignat,Christophe,Bourguignat,christophe_bourguignat@gmail.com,930615Fly,I love Artificial Intelligence Machine Learning Python Data Science,"[8, 2, 14, 7]"
Arthur Juliani,arthur_juliani,Arthur,Juliani,arthur_juliani@gmail.com,930615Fly,I love Development Machine Learning Computer Vision Data Science Artificial Intelligence Deep Learning NLP Python,"[1, 2, 5, 7, 8, 10, 11, 14]"
Tal Perry,tal_perry,Tal,Perry,tal_perry@gmail.com,930615Fly,I love Deep Learning Artificial Intelligence Machine Learning Data Science,"[8, 10, 2, 7]"
Andrej Karpathy,andrej_karpathy,Andrej,Karpathy,andrej_karpathy@gmail.com,930615Fly,I love Machine Learning Data Science Artificial Intelligence Algorithms Deep Learning Neural Networks Python,"[2, 7, 8, 9, 10, 12, 14]"
Vishal Maini,vishal_maini,Vishal,Maini,vishal_maini@gmail.com,930615Fly,I love Artificial Intelligence Machine Learning Python Data Science,"[8, 2, 14, 7]"
Tim Anglade,tim_anglade,Tim,Anglade,tim_anglade@gmail.com,930615Fly,I love Development Computer Vision Artificial Intelligence Deep Learning NLP,"[1, 5, 8, 10, 11]"
Sophia Ciocca,sophia_ciocca,Sophia,Ciocca,sophia_ciocca@gmail.com,930615Fly,I love Development Computer Vision Artificial Intelligence Deep Learning NLP,"[1, 5, 8, 10, 11]"
Dhruv Parthasarathy,dhruv_parthasarathy,Dhruv,Parthasarathy,dhruv_parthasarathy@gmail.com,930615Fly,I love Machine Learning Data Science Artificial Intelligence Algorithms Deep Learning Neural Networks Python,"[2, 7, 8, 9, 10, 12, 14]"
Sebastian Heinz,sebastian_heinz,Sebastian,Heinz,sebastian_heinz@gmail.com,930615Fly,I love Deep Learning Artificial Intelligence Machine Learning Data Science,"[8, 10, 2, 7]"
James Le,james_le,James,Le,james_le@gmail.com,930615Fly,I love Machine Learning Data Science Artificial Intelligence Algorithms Deep Learning Neural Networks Python,"[2, 7, 8, 9, 10, 12, 14]"
David Foster,david_foster,David,Foster,david_foster@gmail.com,930615Fly,I love Artificial Intelligence Machine Learning Python Data Science,"[8, 2, 14, 7]"
George Seif,george_seif,George,Seif,george_seif@gmail.com,930615Fly,I love Artificial Intelligence Machine Learning Python Data Science,"[8, 2, 14, 7]"
Simon Greenman,simon_greenman,Simon,Greenman,simon_greenman@gmail.com,930615Fly,I love Machine Learning Development Artificial Intelligence Career,"[8, 1, 2, 6]"
Eugenio Culurciello,eugenio_culurciello,Eugenio,Culurciello,eugenio_culurciello@gmail.com,930615Fly,I love Development Machine Learning Computer Vision Data Science Artificial Intelligence Algorithms Deep Learning NLP Neural Networks Python,"[1, 2, 5, 7, 8, 9, 10, 11, 12, 14]"
WiseWolf Fund,wisewolf_fund,WiseWolf,Fund,wisewolf_fund@gmail.com,930615Fly,I love Machine Learning Development Artificial Intelligence Career,"[8, 1, 2, 6]"
Michael Solana,michael_solana,Michael,Solana,michael_solana@gmail.com,930615Fly,I love Machine Learning Development Artificial Intelligence Career,"[8, 1, 2, 6]"
Lance Ulanoff,lance_ulanoff,Lance,Ulanoff,lance_ulanoff@gmail.com,930615Fly,I love Large Language Models NLP Artificial Intelligence Conversational AI,"[8, 0, 11, 13]"
Matt Schlicht,matt_schlicht,Matt,Schlicht,matt_schlicht@gmail.com,930615Fly,I love Large Language Models NLP Artificial Intelligence Conversational AI,"[8, 0, 11, 13]"
Greg Fish,greg_fish,Greg,Fish,greg_fish@gmail.com,930615Fly,I love Machine Learning Development Artificial Intelligence Career,"[8, 1, 2, 6]"
Frank Diana,frank_diana,Frank,Diana,frank_diana@gmail.com,930615Fly,I love Machine Learning Development Artificial Intelligence Career,"[8, 1, 2, 6]"
Roland Trimmel,roland_trimmel,Roland,Trimmel,roland_trimmel@gmail.com,930615Fly,I love Machine Learning Development Artificial Intelligence Career,"[8, 1, 2, 6]"
Espen Waldal,espen_waldal,Espen,Waldal,espen_waldal@gmail.com,930615Fly,I love Artificial Intelligence Machine Learning Python Data Science,"[8, 2, 14, 7]"
Joe Johnston,joe_johnston,Joe,Johnston,joe_johnston@gmail.com,930615Fly,I love Development Computer Vision Artificial Intelligence Deep Learning NLP,"[1, 5, 8, 10, 11]"
Nadav Gur,nadav_gur,Nadav,Gur,nadav_gur@gmail.com,930615Fly,I love Large Language Models NLP Artificial Intelligence Conversational AI,"[8, 0, 11, 13]"
Denny Vrandečić,denny_vrandečić,Denny,Vrandečić,denny_vrandečić@gmail.com,930615Fly,I love Machine Learning Development Artificial Intelligence Career,"[8, 1, 2, 6]"
Thaddeus Howze,thaddeus_howze,Thaddeus,Howze,thaddeus_howze@gmail.com,930615Fly,I love Machine Learning Development Artificial Intelligence Career,"[8, 1, 2, 6]"
Tommy Thompson,tommy_thompson,Tommy,Thompson,tommy_thompson@gmail.com,930615Fly,I love Artificial Intelligence Machine Learning Python Data Science,"[8, 2, 14, 7]"
Arik Sosman,arik_sosman,Arik,Sosman,arik_sosman@gmail.com,930615Fly,I love Machine Learning Development Artificial Intelligence Career,"[8, 1, 2, 6]"
Tony Aubé,tony_aubé,Tony,Aubé,tony_aubé@gmail.com,930615Fly,I love Large Language Models NLP Artificial Intelligence Conversational AI,"[8, 0, 11, 13]"
Matt O'Leary,matt_o'leary,Matt,O'Leary,matt_o'leary@gmail.com,930615Fly,I love Machine Learning Development Artificial Intelligence Career,"[8, 1, 2, 6]"
Tanay Jaipuria,tanay_jaipuria,Tanay,Jaipuria,tanay_jaipuria@gmail.com,930615Fly,I love Machine Learning Development Artificial Intelligence Career,"[8, 1, 2, 6]"
Ben Brown,ben_brown,Ben,Brown,ben_brown@gmail.com,930615Fly,I love Machine Learning Development Artificial Intelligence Career,"[8, 1, 2, 6]"
Rand Hindi,rand_hindi,Rand,Hindi,rand_hindi@gmail.com,930615Fly,I love Large Language Models NLP Artificial Intelligence Conversational AI,"[8, 0, 11, 13]"
Chris Dixon,chris_dixon,Chris,Dixon,chris_dixon@gmail.com,930615Fly,I love Machine Learning Development Artificial Intelligence Career,"[8, 1, 2, 6]"
François Chollet,françois_chollet,François,Chollet,françois_chollet@gmail.com,930615Fly,I love Machine Learning Development Artificial Intelligence Career,"[8, 1, 2, 6]"
Max Pechyonkin,max_pechyonkin,Max,Pechyonkin,max_pechyonkin@gmail.com,930615Fly,I love Machine Learning Data Science Artificial Intelligence Deep Learning Python,"[2, 7, 8, 10, 14]"
Slav Ivanov,slav_ivanov,Slav,Ivanov,slav_ivanov@gmail.com,930615Fly,I love Development Machine Learning Computer Vision Artificial Intelligence Algorithms Deep Learning NLP Neural Networks Python,"[1, 2, 5, 8, 9, 10, 11, 12, 14]"
Geoff Nesnow,geoff_nesnow,Geoff,Nesnow,geoff_nesnow@gmail.com,930615Fly,I love Machine Learning Development Artificial Intelligence Career,"[8, 1, 2, 6]"
Aman Agarwal,aman_agarwal,Aman,Agarwal,aman_agarwal@gmail.com,930615Fly,I love Machine Learning Development Artificial Intelligence Career,"[8, 1, 2, 6]"
Gaurav Kaila,gaurav_kaila,Gaurav,Kaila,gaurav_kaila@gmail.com,930615Fly,I love Development Computer Vision Artificial Intelligence Deep Learning NLP,"[1, 5, 8, 10, 11]"
James Loy,james_loy,James,Loy,james_loy@gmail.com,930615Fly,I love Machine Learning Algorithms Deep Learning Neural Networks Python,"[2, 9, 10, 12, 14]"
Chintan Trivedi,chintan_trivedi,Chintan,Trivedi,chintan_trivedi@gmail.com,930615Fly,I love Artificial Intelligence Machine Learning Python Data Science,"[8, 2, 14, 7]"
Leon Zhou,leon_zhou,Leon,Zhou,leon_zhou@gmail.com,930615Fly,I love Large Language Models NLP Artificial Intelligence Conversational AI,"[8, 0, 11, 13]"
Chris Kalahiki,chris_kalahiki,Chris,Kalahiki,chris_kalahiki@gmail.com,930615Fly,I love Machine Learning Development Artificial Intelligence Career,"[8, 1, 2, 6]"
Stefan Kojouharov,stefan_kojouharov,Stefan,Kojouharov,stefan_kojouharov@gmail.com,930615Fly,I love Machine Learning Data Science Artificial Intelligence Deep Learning Python,"[2, 7, 8, 10, 14]"
Francesco Gadaleta,francesco_gadaleta,Francesco,Gadaleta,francesco_gadaleta@gmail.com,930615Fly,I love Machine Learning Algorithms Deep Learning Neural Networks Python,"[2, 9, 10, 12, 14]"
Jim Fleming,jim_fleming,Jim,Fleming,jim_fleming@gmail.com,930615Fly,I love Development Machine Learning Computer Vision Artificial Intelligence Algorithms Deep Learning NLP Neural Networks Python,"[1, 2, 5, 8, 9, 10, 11, 12, 14]"
Christian Hernandez,christian_hernandez,Christian,Hernandez,christian_hernandez@gmail.com,930615Fly,I love Large Language Models NLP Artificial Intelligence Conversational AI,"[8, 0, 11, 13]"
Venture Scanner,venture_scanner,Venture,Scanner,venture_scanner@gmail.com,930615Fly,I love Development Computer Vision Artificial Intelligence Deep Learning NLP,"[1, 5, 8, 10, 11]"
Derrick Harris,derrick_harris,Derrick,Harris,derrick_harris@gmail.com,930615Fly,I love Deep Learning Artificial Intelligence Machine Learning Data Science,"[8, 10, 2, 7]"
Kyle McDonald,kyle_mcdonald,Kyle,McDonald,kyle_mcdonald@gmail.com,930615Fly,I love Machine Learning Algorithms Deep Learning Neural Networks Python,"[2, 9, 10, 12, 14]"
Nathan Benaich,nathan_benaich,Nathan,Benaich,nathan_benaich@gmail.com,930615Fly,I love Machine Learning Development Artificial Intelligence Career,"[8, 1, 2, 6]"
Erik Hallström,erik_hallström,Erik,Hallström,erik_hallström@gmail.com,930615Fly,I love Machine Learning Algorithms Deep Learning Neural Networks Python,"[2, 9, 10, 12, 14]"
Alexandr Honchar,alexandr_honchar,Alexandr,Honchar,alexandr_honchar@gmail.com,930615Fly,I love Deep Learning Artificial Intelligence Machine Learning Data Science,"[8, 10, 2, 7]"
Arvind N,arvind_n,Arvind,N,arvind_n@gmail.com,930615Fly,I love Programming Machine Learning Python Data Science,"[2, 3, 14, 7]"
Gary Marcus,gary_marcus,Gary,Marcus,gary_marcus@gmail.com,930615Fly,I love Deep Learning Artificial Intelligence Machine Learning Data Science,"[8, 10, 2, 7]"
Seth Weidman,seth_weidman,Seth,Weidman,seth_weidman@gmail.com,930615Fly,I love Artificial Intelligence Machine Learning Python Data Science,"[8, 2, 14, 7]"
Sarthak Jain,sarthak_jain,Sarthak,Jain,sarthak_jain@gmail.com,930615Fly,I love Development Computer Vision Artificial Intelligence Deep Learning NLP,"[1, 5, 8, 10, 11]"
Emil Wallner,emil_wallner,Emil,Wallner,emil_wallner@gmail.com,930615Fly,I love Programming Machine Learning Python Data Science,"[2, 3, 14, 7]"
Kai Stinchcombe,kai_stinchcombe,Kai,Stinchcombe,kai_stinchcombe@gmail.com,930615Fly,I love Machine Learning Development Artificial Intelligence Career,"[8, 1, 2, 6]"
savedroid ICO,savedroid_ico,savedroid,ICO,savedroid_ico@gmail.com,930615Fly,I love Development Computer Vision Artificial Intelligence Deep Learning NLP,"[1, 5, 8, 10, 11]"
Brandon Morelli,brandon_morelli,Brandon,Morelli,brandon_morelli@gmail.com,930615Fly,I love Artificial Intelligence Machine Learning Python Data Science,"[8, 2, 14, 7]"
Gabriel Jiménez,gabriel_jiménez,Gabriel,Jiménez,gabriel_jiménez@gmail.com,930615Fly,I love Large Language Models NLP Artificial Intelligence Conversational AI,"[8, 0, 11, 13]"
Berit Anderson,berit_anderson,Berit,Anderson,berit_anderson@gmail.com,930615Fly,I love Machine Learning Development Artificial Intelligence Career,"[8, 1, 2, 6]"
Sirui Li,sirui_li,Sirui,Li,sirui_li@gmail.com,930615Fly,I love Large Language Models NLP Artificial Intelligence Conversational AI,"[8, 0, 11, 13]"
Peter Sweeney,peter_sweeney,Peter,Sweeney,peter_sweeney@gmail.com,930615Fly,I love Large Language Models NLP Artificial Intelligence Conversational AI,"[8, 0, 11, 13]"
Jorge Camacho,jorge_camacho,Jorge,Camacho,jorge_camacho@gmail.com,930615Fly,I love Machine Learning Development Artificial Intelligence Career,"[8, 1, 2, 6]"
Matt Wiese,matt_wiese,Matt,Wiese,matt_wiese@gmail.com,930615Fly,I love Machine Learning Development Artificial Intelligence Career,"[8, 1, 2, 6]"
Tim O'Reilly,tim_o'reilly,Tim,O'Reilly,tim_o'reilly@gmail.com,930615Fly,I love Machine Learning Development Artificial Intelligence Career,"[8, 1, 2, 6]"
James Cooper,james_cooper,James,Cooper,james_cooper@gmail.com,930615Fly,I love Large Language Models NLP Artificial Intelligence Conversational AI,"[8, 0, 11, 13]"
Joel Leeman,joel_leeman,Joel,Leeman,joel_leeman@gmail.com,930615Fly,I love Deep Learning Machine Learning Neural Networks Computer Vision,"[10, 2, 12, 5]"
Scott Smith,scott_smith,Scott,Smith,scott_smith@gmail.com,930615Fly,I love Machine Learning Development Artificial Intelligence Career,"[8, 1, 2, 6]"
Louis Rosenfeld,louis_rosenfeld,Louis,Rosenfeld,louis_rosenfeld@gmail.com,930615Fly,I love Machine Learning Development Artificial Intelligence Career,"[8, 1, 2, 6]"
Matt Harvey,matt_harvey,Matt,Harvey,matt_harvey@gmail.com,930615Fly,I love Development Machine Learning Computer Vision Artificial Intelligence Algorithms Deep Learning NLP Neural Networks Python,"[1, 2, 5, 8, 9, 10, 11, 12, 14]"
Vivek Yadav,vivek_yadav,Vivek,Yadav,vivek_yadav@gmail.com,930615Fly,I love Deep Learning Artificial Intelligence Machine Learning Data Science,"[8, 10, 2, 7]"
Carlos Beltran,carlos_beltran,Carlos,Beltran,carlos_beltran@gmail.com,930615Fly,I love Machine Learning Development Artificial Intelligence Career,"[8, 1, 2, 6]"
Oxford University,oxford_university,Oxford,University,oxford_university@gmail.com,930615Fly,I love Machine Learning Development Artificial Intelligence Career,"[8, 1, 2, 6]"
Maciej Lipiec,maciej_lipiec,Maciej,Lipiec,maciej_lipiec@gmail.com,930615Fly,I love Large Language Models NLP Artificial Intelligence Conversational AI,"[8, 0, 11, 13]"
Camron Godbout,camron_godbout,Camron,Godbout,camron_godbout@gmail.com,930615Fly,I love Deep Learning Artificial Intelligence Machine Learning Data Science,"[8, 10, 2, 7]"
Dominik Felix,dominik_felix,Dominik,Felix,dominik_felix@gmail.com,930615Fly,I love Large Language Models NLP Artificial Intelligence Conversational AI,"[8, 0, 11, 13]"
Greg Gascon,greg_gascon,Greg,Gascon,greg_gascon@gmail.com,930615Fly,I love Machine Learning Development Artificial Intelligence Career,"[8, 1, 2, 6]"
Keval Patel,keval_patel,Keval,Patel,keval_patel@gmail.com,930615Fly,I love Large Language Models NLP Artificial Intelligence Conversational AI,"[8, 0, 11, 13]"
Eduard Tyantov,eduard_tyantov,Eduard,Tyantov,eduard_tyantov@gmail.com,930615Fly,I love Deep Learning Artificial Intelligence Machine Learning Data Science,"[8, 10, 2, 7]"
Maruti Techlabs,maruti_techlabs,Maruti,Techlabs,maruti_techlabs@gmail.com,930615Fly,I love Large Language Models NLP Artificial Intelligence Conversational AI,"[8, 0, 11, 13]"
Jerry Chen,jerry_chen,Jerry,Chen,jerry_chen@gmail.com,930615Fly,I love Machine Learning Development Artificial Intelligence Career,"[8, 1, 2, 6]"
Gaurav Oberoi,gaurav_oberoi,Gaurav,Oberoi,gaurav_oberoi@gmail.com,930615Fly,I love Deep Learning Machine Learning Neural Networks Computer Vision,"[10, 2, 12, 5]"
Nick Bourdakos,nick_bourdakos,Nick,Bourdakos,nick_bourdakos@gmail.com,930615Fly,I love Machine Learning Algorithms Deep Learning Neural Networks Python,"[2, 9, 10, 12, 14]"
Mark Johnson,mark_johnson,Mark,Johnson,mark_johnson@gmail.com,930615Fly,I love Programming Machine Learning Career Data Science,"[2, 3, 6, 7]"
Leigh Alexander,leigh_alexander,Leigh,Alexander,leigh_alexander@gmail.com,930615Fly,I love Machine Learning Development Artificial Intelligence Career,"[8, 1, 2, 6]"
Daniel Simmons,daniel_simmons,Daniel,Simmons,daniel_simmons@gmail.com,930615Fly,I love Programming Machine Learning Python Data Science,"[2, 3, 14, 7]"
Logan Spears,logan_spears,Logan,Spears,logan_spears@gmail.com,930615Fly,I love Programming Machine Learning Career Data Science,"[2, 3, 6, 7]"
Bharath Raj,bharath_raj,Bharath,Raj,bharath_raj@gmail.com,930615Fly,I love Machine Learning Algorithms Deep Learning Neural Networks Python,"[2, 9, 10, 12, 14]"
Daniel Rothmann,daniel_rothmann,Daniel,Rothmann,daniel_rothmann@gmail.com,930615Fly,I love Machine Learning Algorithms Deep Learning Neural Networks Python,"[2, 9, 10, 12, 14]"
Amine Aoullay,amine_aoullay,Amine,Aoullay,amine_aoullay@gmail.com,930615Fly,I love Deep Learning Artificial Intelligence Machine Learning Data Science,"[8, 10, 2, 7]"
Jonathan Balaban,jonathan_balaban,Jonathan,Balaban,jonathan_balaban@gmail.com,930615Fly,I love Deep Learning Artificial Intelligence Machine Learning Data Science,"[8, 10, 2, 7]"
SAGAR SHARMA,sagar_sharma,SAGAR,SHARMA,sagar_sharma@gmail.com,930615Fly,I love Machine Learning Algorithms Deep Learning Neural Networks Python,"[2, 9, 10, 12, 14]"
Kelvin Li,kelvin_li,Kelvin,Li,kelvin_li@gmail.com,930615Fly,I love Machine Learning Algorithms Deep Learning Neural Networks Python,"[2, 9, 10, 12, 14]"
Elle O'Brien,elle_o'brien,Elle,O'Brien,elle_o'brien@gmail.com,930615Fly,I love Deep Learning Artificial Intelligence Machine Learning Data Science,"[8, 10, 2, 7]"
Nikolai Savas,nikolai_savas,Nikolai,Savas,nikolai_savas@gmail.com,930615Fly,I love Artificial Intelligence Machine Learning Python Data Science,"[8, 2, 14, 7]"
Rohan Kapur,rohan_kapur,Rohan,Kapur,rohan_kapur@gmail.com,930615Fly,I love Machine Learning Algorithms Deep Learning Neural Networks Python,"[2, 9, 10, 12, 14]"
Shi Yan,shi_yan,Shi,Yan,shi_yan@gmail.com,930615Fly,I love Machine Learning Algorithms Deep Learning Neural Networks Python,"[2, 9, 10, 12, 14]"
Ross Goodwin,ross_goodwin,Ross,Goodwin,ross_goodwin@gmail.com,930615Fly,I love Deep Learning Artificial Intelligence Machine Learning Data Science,"[8, 10, 2, 7]"
Eric Elliott,eric_elliott,Eric,Elliott,eric_elliott@gmail.com,930615Fly,I love Machine Learning Development Artificial Intelligence Career,"[8, 1, 2, 6]"
Waleed Abdulla,waleed_abdulla,Waleed,Abdulla,waleed_abdulla@gmail.com,930615Fly,I love Machine Learning Algorithms Deep Learning Neural Networks Python,"[2, 9, 10, 12, 14]"
Neelabh Pant,neelabh_pant,Neelabh,Pant,neelabh_pant@gmail.com,930615Fly,I love Deep Learning Artificial Intelligence Machine Learning Data Science,"[8, 10, 2, 7]"
Favio Vázquez,favio_vázquez,Favio,Vázquez,favio_vázquez@gmail.com,930615Fly,I love Deep Learning Artificial Intelligence Machine Learning Data Science,"[8, 10, 2, 7]"
Oleksandr Savsunenko,oleksandr_savsunenko,Oleksandr,Savsunenko,oleksandr_savsunenko@gmail.com,930615Fly,I love Machine Learning Algorithms Deep Learning Neural Networks Python,"[2, 9, 10, 12, 14]"
Devin Soni,devin_soni,Devin,Soni,devin_soni@gmail.com,930615Fly,I love Machine Learning Algorithms Deep Learning Neural Networks Python,"[2, 9, 10, 12, 14]"
Nityesh Agarwal,nityesh_agarwal,Nityesh,Agarwal,nityesh_agarwal@gmail.com,930615Fly,I love Machine Learning Algorithms Deep Learning Neural Networks Python,"[2, 9, 10, 12, 14]"
